{
    "MKKS": {
        "Degree": 1,
        "Betwenness": 0.0,
        "Eigen": 0.0,
        "Closeness": 0.13813229571984437,
        "Ratio Betwenness/Degree": 0.0
    },
    "BBS12": {
        "Degree": 2,
        "Betwenness": 0.028169014084507043,
        "Eigen": 0.028169014084507043,
        "Closeness": 0.15990990990990991,
        "Ratio Betwenness/Degree": 0.014084507042253521
    },
    "FBLN5": {
        "Degree": 2,
        "Betwenness": 0.23889336016096582,
        "Eigen": 0.23889336016096582,
        "Closeness": 0.24398625429553264,
        "Ratio Betwenness/Degree": 0.11944668008048291
    },
    "ZNF408": {
        "Degree": 4,
        "Betwenness": 0.35961770623742456,
        "Eigen": 0.35961770623742456,
        "Closeness": 0.24912280701754386,
        "Ratio Betwenness/Degree": 0.08990442655935614
    },
    "TTLL5": {
        "Degree": 2,
        "Betwenness": 0.23647887323943664,
        "Eigen": 0.23647887323943664,
        "Closeness": 0.23905723905723905,
        "Ratio Betwenness/Degree": 0.11823943661971832
    },
    "OFD1": {
        "Degree": 11,
        "Betwenness": 0.37581488933601603,
        "Eigen": 0.37581488933601603,
        "Closeness": 0.23666666666666666,
        "Ratio Betwenness/Degree": 0.03416498993963782
    },
    "PRPF4": {
        "Degree": 7,
        "Betwenness": 0.042669349429912816,
        "Eigen": 0.042669349429912816,
        "Closeness": 0.21385542168674698,
        "Ratio Betwenness/Degree": 0.006095621347130402
    },
    "GPHN": {
        "Degree": 1,
        "Betwenness": 0.0,
        "Eigen": 0.0,
        "Closeness": 0.17661691542288557,
        "Ratio Betwenness/Degree": 0.0
    },
    "PRPF6": {
        "Degree": 7,
        "Betwenness": 0.09332662642521795,
        "Eigen": 0.09332662642521795,
        "Closeness": 0.2305194805194805,
        "Ratio Betwenness/Degree": 0.013332375203602564
    },
    "PRPF3": {
        "Degree": 7,
        "Betwenness": 0.04266934942991281,
        "Eigen": 0.04266934942991281,
        "Closeness": 0.21385542168674698,
        "Ratio Betwenness/Degree": 0.0060956213471304015
    },
    "PRPF8": {
        "Degree": 9,
        "Betwenness": 0.21461435278336694,
        "Eigen": 0.21461435278336694,
        "Closeness": 0.23509933774834438,
        "Ratio Betwenness/Degree": 0.023846039198151883
    },
    "PRPF31": {
        "Degree": 7,
        "Betwenness": 0.2494902749832328,
        "Eigen": 0.2494902749832328,
        "Closeness": 0.23986486486486486,
        "Ratio Betwenness/Degree": 0.03564146785474755
    },
    "CEP250": {
        "Degree": 5,
        "Betwenness": 0.0703219315895372,
        "Eigen": 0.0703219315895372,
        "Closeness": 0.21005917159763313,
        "Ratio Betwenness/Degree": 0.01406438631790744
    },
    "SNRNP200": {
        "Degree": 7,
        "Betwenness": 0.036861167002012064,
        "Eigen": 0.036861167002012064,
        "Closeness": 0.21515151515151515,
        "Ratio Betwenness/Degree": 0.005265881000287438
    },
    "BBS7": {
        "Degree": 11,
        "Betwenness": 0.13215291750503014,
        "Eigen": 0.13215291750503014,
        "Closeness": 0.18882978723404256,
        "Ratio Betwenness/Degree": 0.012013901591366376
    },
    "BBS4": {
        "Degree": 8,
        "Betwenness": 0.17602951039570755,
        "Eigen": 0.17602951039570755,
        "Closeness": 0.20520231213872833,
        "Ratio Betwenness/Degree": 0.022003688799463444
    },
    "BBS2": {
        "Degree": 7,
        "Betwenness": 0.0003018108651911469,
        "Eigen": 0.0003018108651911469,
        "Closeness": 0.1761786600496278,
        "Ratio Betwenness/Degree": 4.3115837884449556e-05
    },
    "PAX2": {
        "Degree": 4,
        "Betwenness": 0.0,
        "Eigen": 0.0,
        "Closeness": 0.1748768472906404,
        "Ratio Betwenness/Degree": 0.0
    },
    "BBS1": {
        "Degree": 8,
        "Betwenness": 0.028470824949698187,
        "Eigen": 0.028470824949698187,
        "Closeness": 0.17661691542288557,
        "Ratio Betwenness/Degree": 0.0035588531187122734
    },
    "CEP164": {
        "Degree": 4,
        "Betwenness": 0.1071026156941649,
        "Eigen": 0.1071026156941649,
        "Closeness": 0.21515151515151515,
        "Ratio Betwenness/Degree": 0.026775653923541226
    },
    "BBS10": {
        "Degree": 1,
        "Betwenness": 0.0,
        "Eigen": 0.0,
        "Closeness": 0.1591928251121076,
        "Ratio Betwenness/Degree": 0.0
    },
    "ALMS1": {
        "Degree": 1,
        "Betwenness": 0.0,
        "Eigen": 0.0,
        "Closeness": 0.1591928251121076,
        "Ratio Betwenness/Degree": 0.0
    },
    "BBS5": {
        "Degree": 6,
        "Betwenness": 0.0,
        "Eigen": 0.0,
        "Closeness": 0.17574257425742573,
        "Ratio Betwenness/Degree": 0.0
    },
    "BBS9": {
        "Degree": 6,
        "Betwenness": 0.0,
        "Eigen": 0.0,
        "Closeness": 0.17574257425742573,
        "Ratio Betwenness/Degree": 0.0
    },
    "TTC8": {
        "Degree": 6,
        "Betwenness": 0.0,
        "Eigen": 0.0,
        "Closeness": 0.17574257425742573,
        "Ratio Betwenness/Degree": 0.0
    },
    "RPGRIP1L": {
        "Degree": 6,
        "Betwenness": 0.11006036217303818,
        "Eigen": 0.11006036217303818,
        "Closeness": 0.2268370607028754,
        "Ratio Betwenness/Degree": 0.018343393695506364
    },
    "LCA5": {
        "Degree": 4,
        "Betwenness": 0.08289738430583501,
        "Eigen": 0.08289738430583501,
        "Closeness": 0.20821114369501467,
        "Ratio Betwenness/Degree": 0.020724346076458754
    },
    "NPHP4": {
        "Degree": 4,
        "Betwenness": 0.07460764587525147,
        "Eigen": 0.07460764587525147,
        "Closeness": 0.21450151057401812,
        "Ratio Betwenness/Degree": 0.018651911468812867
    },
    "IDH3B": {
        "Degree": 3,
        "Betwenness": 0.0012743125419181756,
        "Eigen": 0.0012743125419181756,
        "Closeness": 0.20821114369501467,
        "Ratio Betwenness/Degree": 0.00042477084730605853
    },
    "RPGR": {
        "Degree": 5,
        "Betwenness": 0.2561435278336686,
        "Eigen": 0.2561435278336686,
        "Closeness": 0.22756410256410256,
        "Ratio Betwenness/Degree": 0.05122870556673372
    },
    "SPATA7": {
        "Degree": 1,
        "Betwenness": 0.0,
        "Eigen": 0.0,
        "Closeness": 0.185378590078329,
        "Ratio Betwenness/Degree": 0.0
    },
    "IFT140": {
        "Degree": 3,
        "Betwenness": 0.004862508383635141,
        "Eigen": 0.004862508383635141,
        "Closeness": 0.17149758454106281,
        "Ratio Betwenness/Degree": 0.0016208361278783803
    },
    "NEK2": {
        "Degree": 2,
        "Betwenness": 0.009691482226693497,
        "Eigen": 0.009691482226693497,
        "Closeness": 0.17661691542288557,
        "Ratio Betwenness/Degree": 0.004845741113346748
    },
    "WDR19": {
        "Degree": 2,
        "Betwenness": 0.0,
        "Eigen": 0.0,
        "Closeness": 0.16666666666666666,
        "Ratio Betwenness/Degree": 0.0
    },
    "TTC21B": {
        "Degree": 3,
        "Betwenness": 0.04718309859154931,
        "Eigen": 0.04718309859154931,
        "Closeness": 0.19722222222222222,
        "Ratio Betwenness/Degree": 0.015727699530516438
    },
    "DHX38": {
        "Degree": 4,
        "Betwenness": 0.05593561368209255,
        "Eigen": 0.05593561368209255,
        "Closeness": 0.19346049046321526,
        "Ratio Betwenness/Degree": 0.013983903420523138
    },
    "CWC27": {
        "Degree": 1,
        "Betwenness": 0.0,
        "Eigen": 0.0,
        "Closeness": 0.16247139588100687,
        "Ratio Betwenness/Degree": 0.0
    },
    "CDKL5": {
        "Degree": 1,
        "Betwenness": 0.0,
        "Eigen": 0.0,
        "Closeness": 0.16247139588100687,
        "Ratio Betwenness/Degree": 0.0
    },
    "GIGYF2": {
        "Degree": 4,
        "Betwenness": 0.25752515090543254,
        "Eigen": 0.25752515090543254,